edge,rate_iter_per_s,replicates,get_p50_added_us,get_p95_added_us,get_p50_added_pct,get_p50_resolved,cpu_added_us_per_req,cpu_user_us,cpu_system_us,cpu_marginal_added_us,coverage_worst
OpenResty,1,5,219,713,27,5/5,80,50,30,56,1.0
OpenResty,10,5,203,618,23,5/5,74,45,21,56,1.0
OpenResty,100,5,163,419,31,5/5,57,32,24,56,1.0
WASM (Envoy),1,5,250,591,27,5/5,130,117,13,134,1.0
WASM (Envoy),10,5,202,651,22,5/5,146,84,52,134,1.0
WASM (Envoy),100,5,184,457,28,5/5,134,69,66,134,1.0
Apache+Lua,1,5,323,1355,36,5/5,143,170,61,,1.0
Apache+Lua,10,5,261,1004,28,5/5,217,111,97,,0.9978
Apache+Lua,100,5,364,49960,59,5/5,547,155,385,,0.9957
Envoy+Lua,1,5,282,718,30,5/5,82,84,-11,75,1.0
Envoy+Lua,10,5,240,607,24,5/5,80,62,17,75,1.0
Envoy+Lua,100,5,210,380,32,5/5,75,48,30,75,1.0
